rank,channel_info,influence_score,posts,followers,avg_likes,60_day_eng_rate,new_post_avg_like,total_likes,country,description
1,cristiano,92,3.3k,475.8m,8.7m,1.39%,6.5m,29.0b,Spain,"Influencer cristiano from Spain has 475.8m followers and an influence score of 92. They have posted 3.3k times, average 8.7m likes per post, and maintain an engagement rate of 1.39%%. Their latest posts average around 6.5m likes in total."
2,kyliejenner,91,6.9k,366.2m,8.3m,1.62%,5.9m,57.4b,United States,"Influencer kyliejenner from United States has 366.2m followers and an influence score of 91. They have posted 6.9k times, average 8.3m likes per post, and maintain an engagement rate of 1.62%%. Their latest posts average around 5.9m likes in total."
3,leomessi,90,0.89k,357.3m,6.8m,1.24%,4.4m,6.0b,N/A,"Influencer leomessi from N/A has 357.3m followers and an influence score of 90. They have posted 0.89k times, average 6.8m likes per post, and maintain an engagement rate of 1.24%%. Their latest posts average around 4.4m likes in total."
4,selenagomez,93,1.8k,342.7m,6.2m,0.97%,3.3m,11.5b,United States,"Influencer selenagomez from United States has 342.7m followers and an influence score of 93. They have posted 1.8k times, average 6.2m likes per post, and maintain an engagement rate of 0.97%%. Their latest posts average around 3.3m likes in total."
5,therock,91,6.8k,334.1m,1.9m,0.20%,665.3k,12.5b,United States,"Influencer therock from United States has 334.1m followers and an influence score of 91. They have posted 6.8k times, average 1.9m likes per post, and maintain an engagement rate of 0.20%%. Their latest posts average around 665.3k likes in total."
6,kimkardashian,91,5.6k,329.2m,3.5m,0.88%,2.9m,19.9b,United States,"Influencer kimkardashian from United States has 329.2m followers and an influence score of 91. They have posted 5.6k times, average 3.5m likes per post, and maintain an engagement rate of 0.88%%. Their latest posts average around 2.9m likes in total."
7,arianagrande,92,5.0k,327.7m,3.7m,1.20%,3.9m,18.4b,United States,"Influencer arianagrande from United States has 327.7m followers and an influence score of 92. They have posted 5.0k times, average 3.7m likes per post, and maintain an engagement rate of 1.20%%. Their latest posts average around 3.9m likes in total."
8,beyonce,92,2.0k,272.8m,3.6m,0.76%,2.0m,7.4b,United States,"Influencer beyonce from United States has 272.8m followers and an influence score of 92. They have posted 2.0k times, average 3.6m likes per post, and maintain an engagement rate of 0.76%%. Their latest posts average around 2.0m likes in total."
9,khloekardashian,89,4.1k,268.3m,2.4m,0.35%,926.9k,9.8b,United States,"Influencer khloekardashian from United States has 268.3m followers and an influence score of 89. They have posted 4.1k times, average 2.4m likes per post, and maintain an engagement rate of 0.35%%. Their latest posts average around 926.9k likes in total."
10,justinbieber,91,7.4k,254.5m,1.9m,0.59%,1.5m,13.9b,Canada,"Influencer justinbieber from Canada has 254.5m followers and an influence score of 91. They have posted 7.4k times, average 1.9m likes per post, and maintain an engagement rate of 0.59%%. Their latest posts average around 1.5m likes in total."
11,kendalljenner,90,0.66k,254.0m,5.5m,2.04%,5.1m,3.7b,United States,"Influencer kendalljenner from United States has 254.0m followers and an influence score of 90. They have posted 0.66k times, average 5.5m likes per post, and maintain an engagement rate of 2.04%%. Their latest posts average around 5.1m likes in total."
12,natgeo,91,10.0k,237.0m,302.2k,0.07%,159.3k,3.0b,United States,"Influencer natgeo from United States has 237.0m followers and an influence score of 91. They have posted 10.0k times, average 302.2k likes per post, and maintain an engagement rate of 0.07%%. Their latest posts average around 159.3k likes in total."
13,nike,90,0.95k,234.1m,329.0k,0.08%,181.8k,313.6m,United States,"Influencer nike from United States has 234.1m followers and an influence score of 90. They have posted 0.95k times, average 329.0k likes per post, and maintain an engagement rate of 0.08%%. Their latest posts average around 181.8k likes in total."
14,taylorswift,91,0.53k,222.2m,2.4m,1.01%,2.3m,1.3b,United States,"Influencer taylorswift from United States has 222.2m followers and an influence score of 91. They have posted 0.53k times, average 2.4m likes per post, and maintain an engagement rate of 1.01%%. Their latest posts average around 2.3m likes in total."
15,jlo,89,3.2k,220.4m,1.7m,0.62%,1.4m,5.3b,United States,"Influencer jlo from United States has 220.4m followers and an influence score of 89. They have posted 3.2k times, average 1.7m likes per post, and maintain an engagement rate of 0.62%%. Their latest posts average around 1.4m likes in total."
16,virat.kohli,87,1.4k,211.8m,3.5m,0.96%,2.0m,4.9b,N/A,"Influencer virat.kohli from N/A has 211.8m followers and an influence score of 87. They have posted 1.4k times, average 3.5m likes per post, and maintain an engagement rate of 0.96%%. Their latest posts average around 2.0m likes in total."
17,nickiminaj,90,6.4k,201.6m,2.1m,0.53%,1.0m,13.5b,United States,"Influencer nickiminaj from United States has 201.6m followers and an influence score of 90. They have posted 6.4k times, average 2.1m likes per post, and maintain an engagement rate of 0.53%%. Their latest posts average around 1.0m likes in total."
18,kourtneykardash,89,4.4k,195.2m,1.8m,0.67%,1.3m,7.7b,United States,"Influencer kourtneykardash from United States has 195.2m followers and an influence score of 89. They have posted 4.4k times, average 1.8m likes per post, and maintain an engagement rate of 0.67%%. Their latest posts average around 1.3m likes in total."
19,mileycyrus,89,1.2k,181.5m,1.3m,0.51%,913.6k,1.6b,N/A,"Influencer mileycyrus from N/A has 181.5m followers and an influence score of 89. They have posted 1.2k times, average 1.3m likes per post, and maintain an engagement rate of 0.51%%. Their latest posts average around 913.6k likes in total."
20,neymarjr,90,5.3k,177.1m,2.7m,1.09%,1.9m,14.1b,Brazil,"Influencer neymarjr from Brazil has 177.1m followers and an influence score of 90. They have posted 5.3k times, average 2.7m likes per post, and maintain an engagement rate of 1.09%%. Their latest posts average around 1.9m likes in total."
21,katyperry,92,2.0k,170.3m,715.0k,0.16%,265.1k,1.5b,N/A,"Influencer katyperry from N/A has 170.3m followers and an influence score of 92. They have posted 2.0k times, average 715.0k likes per post, and maintain an engagement rate of 0.16%%. Their latest posts average around 265.1k likes in total."
22,kevinhart4real,88,8.2k,152.0m,522.0k,0.08%,115.2k,4.3b,United States,"Influencer kevinhart4real from United States has 152.0m followers and an influence score of 88. They have posted 8.2k times, average 522.0k likes per post, and maintain an engagement rate of 0.08%%. Their latest posts average around 115.2k likes in total."
23,zendaya,87,3.5k,150.7m,5.8m,3.17%,4.8m,20.6b,United States,"Influencer zendaya from United States has 150.7m followers and an influence score of 87. They have posted 3.5k times, average 5.8m likes per post, and maintain an engagement rate of 3.17%%. Their latest posts average around 4.8m likes in total."
24,iamcardib,75,1.6k,140.5m,3.1m,1.10%,1.5m,5.0b,United States,"Influencer iamcardib from United States has 140.5m followers and an influence score of 75. They have posted 1.6k times, average 3.1m likes per post, and maintain an engagement rate of 1.10%%. Their latest posts average around 1.5m likes in total."
25,ddlovato,88,0.08k,139.1m,1.1m,0.27%,363.4k,91.3m,United States,"Influencer ddlovato from United States has 139.1m followers and an influence score of 88. They have posted 0.08k times, average 1.1m likes per post, and maintain an engagement rate of 0.27%%. Their latest posts average around 363.4k likes in total."
26,badgalriri,88,4.8k,135.3m,3.7m,0.02%,0,17.9b,United States,"Influencer badgalriri from United States has 135.3m followers and an influence score of 88. They have posted 4.8k times, average 3.7m likes per post, and maintain an engagement rate of 0.02%%. Their latest posts average around 0 likes in total."
27,kingjames,86,2.3k,130.9m,2.1m,0.92%,1.2m,4.9b,N/A,"Influencer kingjames from N/A has 130.9m followers and an influence score of 86. They have posted 2.3k times, average 2.1m likes per post, and maintain an engagement rate of 0.92%%. Their latest posts average around 1.2m likes in total."
28,theellenshow,87,10.0k,125.1m,420.5k,0.07%,81.7k,4.2b,United States,"Influencer theellenshow from United States has 125.1m followers and an influence score of 87. They have posted 10.0k times, average 420.5k likes per post, and maintain an engagement rate of 0.07%%. Their latest posts average around 81.7k likes in total."
29,realmadrid,90,6.9k,123.4m,996.2k,0.48%,588.3k,6.8b,Spain,"Influencer realmadrid from Spain has 123.4m followers and an influence score of 90. They have posted 6.9k times, average 996.2k likes per post, and maintain an engagement rate of 0.48%%. Their latest posts average around 588.3k likes in total."
30,champagnepapi,85,5.2k,119.6m,1.7m,1.10%,1.3m,9.0b,Netherlands,"Influencer champagnepapi from Netherlands has 119.6m followers and an influence score of 85. They have posted 5.2k times, average 1.7m likes per post, and maintain an engagement rate of 1.10%%. Their latest posts average around 1.3m likes in total."
31,chrisbrownofficial,86,7.3k,118.5m,463.2k,0.22%,255.9k,3.4b,United States,"Influencer chrisbrownofficial from United States has 118.5m followers and an influence score of 86. They have posted 7.3k times, average 463.2k likes per post, and maintain an engagement rate of 0.22%%. Their latest posts average around 255.9k likes in total."
32,fcbarcelona,90,10.0k,111.4m,1.2m,0.64%,706.3k,11.6b,N/A,"Influencer fcbarcelona from N/A has 111.4m followers and an influence score of 90. They have posted 10.0k times, average 1.2m likes per post, and maintain an engagement rate of 0.64%%. Their latest posts average around 706.3k likes in total."
33,billieeilish,73,0.69k,105.2m,8.5m,5.02%,5.2m,5.9b,N/A,"Influencer billieeilish from N/A has 105.2m followers and an influence score of 73. They have posted 0.69k times, average 8.5m likes per post, and maintain an engagement rate of 5.02%%. Their latest posts average around 5.2m likes in total."
34,dualipa,74,1.3k,85.9m,2.1m,1.26%,1.1m,2.6b,United Kingdom,"Influencer dualipa from United Kingdom has 85.9m followers and an influence score of 74. They have posted 1.3k times, average 2.1m likes per post, and maintain an engagement rate of 1.26%%. Their latest posts average around 1.1m likes in total."
35,gal_gadot,85,1.7k,85.6m,1.4m,0.69%,586.5k,2.3b,United States,"Influencer gal_gadot from United States has 85.6m followers and an influence score of 85. They have posted 1.7k times, average 1.4m likes per post, and maintain an engagement rate of 0.69%%. Their latest posts average around 586.5k likes in total."
36,vindiesel,88,1.8k,82.3m,1.4m,0.60%,482.3k,2.5b,United States,"Influencer vindiesel from United States has 82.3m followers and an influence score of 88. They have posted 1.8k times, average 1.4m likes per post, and maintain an engagement rate of 0.60%%. Their latest posts average around 482.3k likes in total."
37,nasa,88,3.6k,81.3m,1.2m,1.53%,1.2m,4.2b,United States,"Influencer nasa from United States has 81.3m followers and an influence score of 88. They have posted 3.6k times, average 1.2m likes per post, and maintain an engagement rate of 1.53%%. Their latest posts average around 1.2m likes in total."
38,priyankachopra,85,3.6k,81.1m,1.6m,1.00%,802.9k,5.6b,United States,"Influencer priyankachopra from United States has 81.1m followers and an influence score of 85. They have posted 3.6k times, average 1.6m likes per post, and maintain an engagement rate of 1.00%%. Their latest posts average around 802.9k likes in total."
39,lalalalisa_m,70,0.87k,80.9m,5.8m,9.00%,7.2m,5.1b,N/A,"Influencer lalalalisa_m from N/A has 80.9m followers and an influence score of 70. They have posted 0.87k times, average 5.8m likes per post, and maintain an engagement rate of 9.00%%. Their latest posts average around 7.2m likes in total."
40,Shakira,88,2.0k,76.1m,975.1k,0.41%,304.7k,1.9b,N/A,"Influencer Shakira from N/A has 76.1m followers and an influence score of 88. They have posted 2.0k times, average 975.1k likes per post, and maintain an engagement rate of 0.41%%. Their latest posts average around 304.7k likes in total."
41,snoopdogg,86,10.0k,75.3m,203.7k,0.17%,125.8k,2.0b,N/A,"Influencer snoopdogg from N/A has 75.3m followers and an influence score of 86. They have posted 10.0k times, average 203.7k likes per post, and maintain an engagement rate of 0.17%%. Their latest posts average around 125.8k likes in total."
42,gigihadid,85,3.3k,75.3m,2.5m,2.56%,1.9m,8.2b,United States,"Influencer gigihadid from United States has 75.3m followers and an influence score of 85. They have posted 3.3k times, average 2.5m likes per post, and maintain an engagement rate of 2.56%%. Their latest posts average around 1.9m likes in total."
43,davidbeckham,86,1.5k,74.9m,1.2m,0.46%,340.9k,1.9b,United States,"Influencer davidbeckham from United States has 74.9m followers and an influence score of 86. They have posted 1.5k times, average 1.2m likes per post, and maintain an engagement rate of 0.46%%. Their latest posts average around 340.9k likes in total."
44,shraddhakapoor,81,1.9k,73.9m,1.6m,1.17%,859.9k,3.0b,N/A,"Influencer shraddhakapoor from N/A has 73.9m followers and an influence score of 81. They have posted 1.9k times, average 1.6m likes per post, and maintain an engagement rate of 1.17%%. Their latest posts average around 859.9k likes in total."
45,victoriassecret,88,2.9k,73.2m,147.0k,0.04%,29.8k,423.5m,United States,"Influencer victoriassecret from United States has 73.2m followers and an influence score of 88. They have posted 2.9k times, average 147.0k likes per post, and maintain an engagement rate of 0.04%%. Their latest posts average around 29.8k likes in total."
46,k.mbappe,86,1.2k,72.7m,2.5m,2.16%,1.6m,2.8b,N/A,"Influencer k.mbappe from N/A has 72.7m followers and an influence score of 86. They have posted 1.2k times, average 2.5m likes per post, and maintain an engagement rate of 2.16%%. Their latest posts average around 1.6m likes in total."
47,nehakakkar,84,2.3k,70.4m,1.5m,0.54%,370.1k,3.5b,India,"Influencer nehakakkar from India has 70.4m followers and an influence score of 84. They have posted 2.3k times, average 1.5m likes per post, and maintain an engagement rate of 0.54%%. Their latest posts average around 370.1k likes in total."
48,nba,87,12.9k,70.1m,370.8k,0.28%,196.9k,4.8b,United States,"Influencer nba from United States has 70.1m followers and an influence score of 87. They have posted 12.9k times, average 370.8k likes per post, and maintain an engagement rate of 0.28%%. Their latest posts average around 196.9k likes in total."
49,shawnmendes,83,2.5k,69.9m,3.5m,2.87%,2.0m,8.8b,Canada,"Influencer shawnmendes from Canada has 69.9m followers and an influence score of 83. They have posted 2.5k times, average 3.5m likes per post, and maintain an engagement rate of 2.87%%. Their latest posts average around 2.0m likes in total."
50,jennierubyjane,76,0.86k,68.9m,5.1m,8.36%,5.7m,4.4b,N/A,"Influencer jennierubyjane from N/A has 68.9m followers and an influence score of 76. They have posted 0.86k times, average 5.1m likes per post, and maintain an engagement rate of 8.36%%. Their latest posts average around 5.7m likes in total."
51,narendramodi,85,0.54k,68.9m,2.9m,3.01%,2.0m,1.6b,India,"Influencer narendramodi from India has 68.9m followers and an influence score of 85. They have posted 0.54k times, average 2.9m likes per post, and maintain an engagement rate of 3.01%%. Their latest posts average around 2.0m likes in total."
52,aliaabhatt,82,1.8k,68.7m,1.8m,3.14%,2.1m,3.3b,India,"Influencer aliaabhatt from India has 68.7m followers and an influence score of 82. They have posted 1.8k times, average 1.8m likes per post, and maintain an engagement rate of 3.14%%. Their latest posts average around 2.1m likes in total."
53,deepikapadukone,83,0.26k,68.4m,1.6m,2.23%,1.5m,419.0m,India,"Influencer deepikapadukone from India has 68.4m followers and an influence score of 83. They have posted 0.26k times, average 1.6m likes per post, and maintain an engagement rate of 2.23%%. Their latest posts average around 1.5m likes in total."
54,tomholland2013,77,1.2k,67.7m,5.4m,10.83%,7.3m,6.6b,N/A,"Influencer tomholland2013 from N/A has 67.7m followers and an influence score of 77. They have posted 1.2k times, average 5.4m likes per post, and maintain an engagement rate of 10.83%%. Their latest posts average around 7.3m likes in total."
55,ronaldinho,78,2.9k,67.7m,872.9k,0.49%,325.7k,2.6b,Brazil,"Influencer ronaldinho from Brazil has 67.7m followers and an influence score of 78. They have posted 2.9k times, average 872.9k likes per post, and maintain an engagement rate of 0.49%%. Their latest posts average around 325.7k likes in total."
56,emmawatson,87,0.34k,67.3m,1.9m,0.01%,0,639.0m,United States,"Influencer emmawatson from United States has 67.3m followers and an influence score of 87. They have posted 0.34k times, average 1.9m likes per post, and maintain an engagement rate of 0.01%%. Their latest posts average around 0 likes in total."
57,bts.bighitofficial,78,1.2k,66.9m,4.1m,5.40%,3.6m,4.9b,Uruguay,"Influencer bts.bighitofficial from Uruguay has 66.9m followers and an influence score of 78. They have posted 1.2k times, average 4.1m likes per post, and maintain an engagement rate of 5.40%%. Their latest posts average around 3.6m likes in total."
58,katrinakaif,85,1.0k,66.3m,1.7m,2.25%,1.5m,1.7b,India,"Influencer katrinakaif from India has 66.3m followers and an influence score of 85. They have posted 1.0k times, average 1.7m likes per post, and maintain an engagement rate of 2.25%%. Their latest posts average around 1.5m likes in total."
59,marvel,82,7.0k,66.2m,332.3k,0.51%,339.0k,2.3b,Turkey,"Influencer marvel from Turkey has 66.2m followers and an influence score of 82. They have posted 7.0k times, average 332.3k likes per post, and maintain an engagement rate of 0.51%%. Their latest posts average around 339.0k likes in total."
60,justintimberlake,87,0.78k,65.9m,600.4k,0.30%,189.4k,470.7m,United States,"Influencer justintimberlake from United States has 65.9m followers and an influence score of 87. They have posted 0.78k times, average 600.4k likes per post, and maintain an engagement rate of 0.30%%. Their latest posts average around 189.4k likes in total."
61,camila_cabello,77,2.9k,65.0m,1.9m,2.19%,1.4m,5.4b,United States,"Influencer camila_cabello from United States has 65.0m followers and an influence score of 77. They have posted 2.9k times, average 1.9m likes per post, and maintain an engagement rate of 2.19%%. Their latest posts average around 1.4m likes in total."
62,willsmith,82,1.4k,63.9m,1.4m,0.02%,0,1.9b,United States,"Influencer willsmith from United States has 63.9m followers and an influence score of 82. They have posted 1.4k times, average 1.4m likes per post, and maintain an engagement rate of 0.02%%. Their latest posts average around 0 likes in total."
63,raffinagita1717,83,17.5k,63.5m,386.9k,0.58%,366.6k,6.8b,Indonesia,"Influencer raffinagita1717 from Indonesia has 63.5m followers and an influence score of 83. They have posted 17.5k times, average 386.9k likes per post, and maintain an engagement rate of 0.58%%. Their latest posts average around 366.6k likes in total."
64,anitta,82,5.1k,63.1m,855.5k,0.69%,426.2k,4.4b,United States,"Influencer anitta from United States has 63.1m followers and an influence score of 82. They have posted 5.1k times, average 855.5k likes per post, and maintain an engagement rate of 0.69%%. Their latest posts average around 426.2k likes in total."
65,sooyaaa__,82,0.83k,62.9m,4.5m,9.43%,5.9m,3.8b,N/A,"Influencer sooyaaa__ from N/A has 62.9m followers and an influence score of 82. They have posted 0.83k times, average 4.5m likes per post, and maintain an engagement rate of 9.43%%. Their latest posts average around 5.9m likes in total."
66,maluma,84,8.2k,62.8m,1.2m,1.12%,696.3k,9.8b,Colombia,"Influencer maluma from Colombia has 62.8m followers and an influence score of 84. They have posted 8.2k times, average 1.2m likes per post, and maintain an engagement rate of 1.12%%. Their latest posts average around 696.3k likes in total."
67,akshaykumar,85,1.9k,62.8m,1.5m,1.01%,624.9k,2.9b,N/A,"Influencer akshaykumar from N/A has 62.8m followers and an influence score of 85. They have posted 1.9k times, average 1.5m likes per post, and maintain an engagement rate of 1.01%%. Their latest posts average around 624.9k likes in total."
68,jacquelinef143,85,2.4k,62.7m,1.1m,1.15%,718.8k,2.8b,India,"Influencer jacquelinef143 from India has 62.7m followers and an influence score of 85. They have posted 2.4k times, average 1.1m likes per post, and maintain an engagement rate of 1.15%%. Their latest posts average around 718.8k likes in total."
69,psg,86,10.0k,61.9m,500.5k,0.52%,322.2k,5.0b,France,"Influencer psg from France has 61.9m followers and an influence score of 86. They have posted 10.0k times, average 500.5k likes per post, and maintain an engagement rate of 0.52%%. Their latest posts average around 322.2k likes in total."
70,roses_are_rosie,82,0.82k,61.8m,4.6m,9.72%,6.0m,3.8b,N/A,"Influencer roses_are_rosie from N/A has 61.8m followers and an influence score of 82. They have posted 0.82k times, average 4.6m likes per post, and maintain an engagement rate of 9.72%%. Their latest posts average around 6.0m likes in total."
71,manchesterunited,85,9.9k,59.6m,381.8k,0.41%,241.6k,3.8b,United Kingdom,"Influencer manchesterunited from United Kingdom has 59.6m followers and an influence score of 85. They have posted 9.9k times, average 381.8k likes per post, and maintain an engagement rate of 0.41%%. Their latest posts average around 241.6k likes in total."
72,anushkasharma,85,1.2k,59.5m,1.9m,2.34%,1.4m,2.2b,N/A,"Influencer anushkasharma from N/A has 59.5m followers and an influence score of 85. They have posted 1.2k times, average 1.9m likes per post, and maintain an engagement rate of 2.34%%. Their latest posts average around 1.4m likes in total."
73,whinderssonnunes,79,2.7k,58.7m,1.6m,0.58%,323.1k,4.4b,Brazil,"Influencer whinderssonnunes from Brazil has 58.7m followers and an influence score of 79. They have posted 2.7k times, average 1.6m likes per post, and maintain an engagement rate of 0.58%%. Their latest posts average around 323.1k likes in total."
74,9gag,86,10.0k,58.1m,672.6k,0.44%,248.6k,6.7b,United States,"Influencer 9gag from United States has 58.1m followers and an influence score of 86. They have posted 10.0k times, average 672.6k likes per post, and maintain an engagement rate of 0.44%%. Their latest posts average around 248.6k likes in total."
75,marcelotwelve,86,2.7k,58.1m,690.9k,0.78%,448.3k,1.9b,Brazil,"Influencer marcelotwelve from Brazil has 58.1m followers and an influence score of 86. They have posted 2.7k times, average 690.9k likes per post, and maintain an engagement rate of 0.78%%. Their latest posts average around 448.3k likes in total."
76,milliebobbybrown,80,0.28k,57.6m,4.0m,8.63%,5.0m,1.1b,United States,"Influencer milliebobbybrown from United States has 57.6m followers and an influence score of 80. They have posted 0.28k times, average 4.0m likes per post, and maintain an engagement rate of 8.63%%. Their latest posts average around 5.0m likes in total."
77,karimbenzema,42,2.0k,56.9m,878.5k,1.62%,918.9k,1.8b,Spain,"Influencer karimbenzema from Spain has 56.9m followers and an influence score of 42. They have posted 2.0k times, average 878.5k likes per post, and maintain an engagement rate of 1.62%%. Their latest posts average around 918.9k likes in total."
78,chrishemsworth,86,0.88k,55.9m,2.8m,3.69%,2.1m,2.5b,Australia,"Influencer chrishemsworth from Australia has 55.9m followers and an influence score of 86. They have posted 0.88k times, average 2.8m likes per post, and maintain an engagement rate of 3.69%%. Their latest posts average around 2.1m likes in total."
79,karolg,83,3.3k,55.6m,3.1m,10.25%,5.7m,10.1b,India,"Influencer karolg from India has 55.6m followers and an influence score of 83. They have posted 3.3k times, average 3.1m likes per post, and maintain an engagement rate of 10.25%%. Their latest posts average around 5.7m likes in total."
80,paulpogba,80,1.3k,55.2m,1.4m,0.85%,462.6k,1.8b,France,"Influencer paulpogba from France has 55.2m followers and an influence score of 80. They have posted 1.3k times, average 1.4m likes per post, and maintain an engagement rate of 0.85%%. Their latest posts average around 462.6k likes in total."
81,iamzlatanibrahimovic,86,0.87k,55.1m,1.5m,1.53%,837.1k,1.3b,N/A,"Influencer iamzlatanibrahimovic from N/A has 55.1m followers and an influence score of 86. They have posted 0.87k times, average 1.5m likes per post, and maintain an engagement rate of 1.53%%. Their latest posts average around 837.1k likes in total."
82,leonardodicaprio,86,1.7k,54.6m,395.5k,0.20%,107.6k,669.3m,N/A,"Influencer leonardodicaprio from N/A has 54.6m followers and an influence score of 86. They have posted 1.7k times, average 395.5k likes per post, and maintain an engagement rate of 0.20%%. Their latest posts average around 107.6k likes in total."
83,juventus,87,10.0k,54.5m,194.8k,0.25%,135.5k,1.9b,N/A,"Influencer juventus from N/A has 54.5m followers and an influence score of 87. They have posted 10.0k times, average 194.8k likes per post, and maintain an engagement rate of 0.25%%. Their latest posts average around 135.5k likes in total."
84,zacefron,86,0.66k,54.5m,2.3m,8.18%,4.4m,1.5b,United States,"Influencer zacefron from United States has 54.5m followers and an influence score of 86. They have posted 0.66k times, average 2.3m likes per post, and maintain an engagement rate of 8.18%%. Their latest posts average around 4.4m likes in total."
85,bellahadid,79,3.2k,54.1m,1.1m,2.06%,1.1m,3.6b,United Kingdom,"Influencer bellahadid from United Kingdom has 54.1m followers and an influence score of 79. They have posted 3.2k times, average 1.1m likes per post, and maintain an engagement rate of 2.06%%. Their latest posts average around 1.1m likes in total."
86,tatawerneck,86,5.6k,53.9m,959.8k,0.51%,266.5k,5.4b,Brazil,"Influencer tatawerneck from Brazil has 53.9m followers and an influence score of 86. They have posted 5.6k times, average 959.8k likes per post, and maintain an engagement rate of 0.51%%. Their latest posts average around 266.5k likes in total."
87,beingsalmankhan,76,1.2k,53.5m,1.4m,1.33%,693.9k,1.6b,India,"Influencer beingsalmankhan from India has 53.5m followers and an influence score of 76. They have posted 1.2k times, average 1.4m likes per post, and maintain an engagement rate of 1.33%%. Their latest posts average around 693.9k likes in total."
88,robertdowneyjr,86,0.42k,53.4m,3.0m,2.05%,1.1m,1.3b,United States,"Influencer robertdowneyjr from United States has 53.4m followers and an influence score of 86. They have posted 0.42k times, average 3.0m likes per post, and maintain an engagement rate of 2.05%%. Their latest posts average around 1.1m likes in total."
89,sunnyleone,84,4.6k,53.4m,764.0k,0.57%,301.3k,3.5b,N/A,"Influencer sunnyleone from N/A has 53.4m followers and an influence score of 84. They have posted 4.6k times, average 764.0k likes per post, and maintain an engagement rate of 0.57%%. Their latest posts average around 301.3k likes in total."
90,ladygaga,83,3.6k,53.2m,1.4m,1.02%,531.6k,5.1b,United States,"Influencer ladygaga from United States has 53.2m followers and an influence score of 83. They have posted 3.6k times, average 1.4m likes per post, and maintain an engagement rate of 1.02%%. Their latest posts average around 531.6k likes in total."
91,dishapatani,74,2.1k,53.0m,1.6m,1.85%,971.7k,3.4b,United States,"Influencer dishapatani from United States has 53.0m followers and an influence score of 74. They have posted 2.1k times, average 1.6m likes per post, and maintain an engagement rate of 1.85%%. Their latest posts average around 971.7k likes in total."
92,sergioramos,87,2.2k,52.8m,1.1m,1.06%,557.9k,2.5b,N/A,"Influencer sergioramos from N/A has 52.8m followers and an influence score of 87. They have posted 2.2k times, average 1.1m likes per post, and maintain an engagement rate of 1.06%%. Their latest posts average around 557.9k likes in total."
93,jbalvin,87,10.0k,52.8m,878.0k,0.66%,340.5k,8.8b,N/A,"Influencer jbalvin from N/A has 52.8m followers and an influence score of 87. They have posted 10.0k times, average 878.0k likes per post, and maintain an engagement rate of 0.66%%. Their latest posts average around 340.5k likes in total."
94,mosalah,22,0.84k,52.5m,1.8m,2.18%,1.1m,1.5b,N/A,"Influencer mosalah from N/A has 52.5m followers and an influence score of 22. They have posted 0.84k times, average 1.8m likes per post, and maintain an engagement rate of 2.18%%. Their latest posts average around 1.1m likes in total."
95,ayutingting92,85,10.0k,52.4m,147.3k,0.11%,56.3k,1.5b,Indonesia,"Influencer ayutingting92 from Indonesia has 52.4m followers and an influence score of 85. They have posted 10.0k times, average 147.3k likes per post, and maintain an engagement rate of 0.11%%. Their latest posts average around 56.3k likes in total."
96,433,79,10.3k,51.2m,863.2k,1.52%,774.2k,8.9b,Netherlands,"Influencer 433 from Netherlands has 51.2m followers and an influence score of 79. They have posted 10.3k times, average 863.2k likes per post, and maintain an engagement rate of 1.52%%. Their latest posts average around 774.2k likes in total."
97,hudabeauty,82,2.4k,50.8m,186.4k,0.04%,16.8k,453.6m,United States,"Influencer hudabeauty from United States has 50.8m followers and an influence score of 82. They have posted 2.4k times, average 186.4k likes per post, and maintain an engagement rate of 0.04%%. Their latest posts average around 16.8k likes in total."
98,adele,84,0.42k,50.7m,4.7m,3.82%,1.9m,2.0b,United States,"Influencer adele from United States has 50.7m followers and an influence score of 84. They have posted 0.42k times, average 4.7m likes per post, and maintain an engagement rate of 3.82%%. Their latest posts average around 1.9m likes in total."
99,michelleobama,85,0.60k,50.7m,700.5k,1.22%,611.2k,421.7m,N/A,"Influencer michelleobama from N/A has 50.7m followers and an influence score of 85. They have posted 0.60k times, average 700.5k likes per post, and maintain an engagement rate of 1.22%%. Their latest posts average around 611.2k likes in total."
100,kritisanon,76,2.7k,50.2m,897.2k,1.21%,604.4k,2.4b,India,"Influencer kritisanon from India has 50.2m followers and an influence score of 76. They have posted 2.7k times, average 897.2k likes per post, and maintain an engagement rate of 1.21%%. Their latest posts average around 604.4k likes in total."
101,jamesrodriguez10,86,1.1k,49.9m,1.4m,0.75%,363.9k,1.5b,Colombia,"Influencer jamesrodriguez10 from Colombia has 49.9m followers and an influence score of 86. They have posted 1.1k times, average 1.4m likes per post, and maintain an engagement rate of 0.75%%. Their latest posts average around 363.9k likes in total."
102,krisjenner,80,6.4k,49.7m,356.8k,0.91%,452.9k,2.3b,United States,"Influencer krisjenner from United States has 49.7m followers and an influence score of 80. They have posted 6.4k times, average 356.8k likes per post, and maintain an engagement rate of 0.91%%. Their latest posts average around 452.9k likes in total."
103,thv,83,0.06k,49.3m,15.4m,25.80%,12.6m,987.4m,N/A,"Influencer thv from N/A has 49.3m followers and an influence score of 83. They have posted 0.06k times, average 15.4m likes per post, and maintain an engagement rate of 25.80%%. Their latest posts average around 12.6m likes in total."
104,lelepons,81,2.5k,49.2m,2.4m,3.55%,1.7m,6.1b,United States,"Influencer lelepons from United States has 49.2m followers and an influence score of 81. They have posted 2.5k times, average 2.4m likes per post, and maintain an engagement rate of 3.55%%. Their latest posts average around 1.7m likes in total."
105,charlidamelio,80,0.15k,49.1m,4.2m,3.28%,1.6m,654.4m,N/A,"Influencer charlidamelio from N/A has 49.1m followers and an influence score of 80. They have posted 0.15k times, average 4.2m likes per post, and maintain an engagement rate of 3.28%%. Their latest posts average around 1.6m likes in total."
106,gucci,86,8.9k,49.0m,115.1k,0.15%,72.4k,1.0b,Italy,"Influencer gucci from Italy has 49.0m followers and an influence score of 86. They have posted 8.9k times, average 115.1k likes per post, and maintain an engagement rate of 0.15%%. Their latest posts average around 72.4k likes in total."
107,prillylatuconsina96,84,6.5k,48.9m,372.4k,0.27%,131.8k,2.4b,Indonesia,"Influencer prillylatuconsina96 from Indonesia has 48.9m followers and an influence score of 84. They have posted 6.5k times, average 372.4k likes per post, and maintain an engagement rate of 0.27%%. Their latest posts average around 131.8k likes in total."
108,louisvuitton,82,6.5k,48.7m,127.5k,0.08%,40.5k,824.0m,France,"Influencer louisvuitton from France has 48.7m followers and an influence score of 82. They have posted 6.5k times, average 127.5k likes per post, and maintain an engagement rate of 0.08%%. Their latest posts average around 40.5k likes in total."
109,paulodybala,85,1.3k,48.3m,1.8m,2.88%,1.4m,2.3b,N/A,"Influencer paulodybala from N/A has 48.3m followers and an influence score of 85. They have posted 1.3k times, average 1.8m likes per post, and maintain an engagement rate of 2.88%%. Their latest posts average around 1.4m likes in total."
110,blackpinkofficial,85,1.4k,48.2m,2.1m,2.77%,1.3m,3.0b,N/A,"Influencer blackpinkofficial from N/A has 48.2m followers and an influence score of 85. They have posted 1.4k times, average 2.1m likes per post, and maintain an engagement rate of 2.77%%. Their latest posts average around 1.3m likes in total."
111,dovecameron,85,0.17k,48.2m,1.6m,1.75%,841.4k,283.0m,United States,"Influencer dovecameron from United States has 48.2m followers and an influence score of 85. They have posted 0.17k times, average 1.6m likes per post, and maintain an engagement rate of 1.75%%. Their latest posts average around 841.4k likes in total."
112,garethbale11,86,0.98k,48.1m,763.0k,1.43%,681.3k,753.1m,N/A,"Influencer garethbale11 from N/A has 48.1m followers and an influence score of 86. They have posted 0.98k times, average 763.0k likes per post, and maintain an engagement rate of 1.43%%. Their latest posts average around 681.3k likes in total."
113,jokowi,85,3.5k,47.7m,452.6k,0.41%,189.6k,1.6b,N/A,"Influencer jokowi from N/A has 47.7m followers and an influence score of 85. They have posted 3.5k times, average 452.6k likes per post, and maintain an engagement rate of 0.41%%. Their latest posts average around 189.6k likes in total."
114,nusr_et,81,2.3k,47.3m,728.2k,0.29%,133.0k,1.7b,United Arab Emirates,"Influencer nusr_et from United Arab Emirates has 47.3m followers and an influence score of 81. They have posted 2.3k times, average 728.2k likes per post, and maintain an engagement rate of 0.29%%. Their latest posts average around 133.0k likes in total."
115,harrystyles,57,0.59k,46.9m,4.7m,6.38%,2.9m,2.8b,United States,"Influencer harrystyles from United States has 46.9m followers and an influence score of 57. They have posted 0.59k times, average 4.7m likes per post, and maintain an engagement rate of 6.38%%. Their latest posts average around 2.9m likes in total."
116,haileybieber,85,2.1k,46.9m,2.0m,3.47%,1.6m,4.2b,N/A,"Influencer haileybieber from N/A has 46.9m followers and an influence score of 85. They have posted 2.1k times, average 2.0m likes per post, and maintain an engagement rate of 3.47%%. Their latest posts average around 1.6m likes in total."
117,vanessahudgens,84,4.2k,46.8m,633.9k,0.63%,292.9k,2.7b,United States,"Influencer vanessahudgens from United States has 46.8m followers and an influence score of 84. They have posted 4.2k times, average 633.9k likes per post, and maintain an engagement rate of 0.63%%. Their latest posts average around 292.9k likes in total."
118,5-Minute Crafts GIRLY,85,10.0k,46.5m,157.0k,0.03%,12.4k,1.6b,United States,"Influencer 5-Minute Crafts GIRLY from United States has 46.5m followers and an influence score of 85. They have posted 10.0k times, average 157.0k likes per post, and maintain an engagement rate of 0.03%%. Their latest posts average around 12.4k likes in total."
119,zayn,82,0.16k,46.5m,4.7m,8.81%,4.0m,773.5m,United States,"Influencer zayn from United States has 46.5m followers and an influence score of 82. They have posted 0.16k times, average 4.7m likes per post, and maintain an engagement rate of 8.81%%. Their latest posts average around 4.0m likes in total."
120,larissamanoela,85,5.2k,46.5m,579.6k,0.57%,259.4k,3.0b,Brazil,"Influencer larissamanoela from Brazil has 46.5m followers and an influence score of 85. They have posted 5.2k times, average 579.6k likes per post, and maintain an engagement rate of 0.57%%. Their latest posts average around 259.4k likes in total."
121,travisscott,78,3.2k,46.2m,3.0m,5.71%,2.6m,9.6b,United States,"Influencer travisscott from United States has 46.2m followers and an influence score of 78. They have posted 3.2k times, average 3.0m likes per post, and maintain an engagement rate of 5.71%%. Their latest posts average around 2.6m likes in total."
122,thenotoriousmma,82,3.2k,45.9m,1.1m,0.69%,311.5k,3.5b,United States,"Influencer thenotoriousmma from United States has 45.9m followers and an influence score of 82. They have posted 3.2k times, average 1.1m likes per post, and maintain an engagement rate of 0.69%%. Their latest posts average around 311.5k likes in total."
123,daddyyankee,80,0.02k,45.9m,652.5k,1.00%,455.3k,18.3m,Puerto Rico,"Influencer daddyyankee from Puerto Rico has 45.9m followers and an influence score of 80. They have posted 0.02k times, average 652.5k likes per post, and maintain an engagement rate of 1.00%%. Their latest posts average around 455.3k likes in total."
124,natgeotravel,82,16.9k,45.8m,189.9k,0.12%,52.8k,3.2b,United States,"Influencer natgeotravel from United States has 45.8m followers and an influence score of 82. They have posted 16.9k times, average 189.9k likes per post, and maintain an engagement rate of 0.12%%. Their latest posts average around 52.8k likes in total."
125,nikefootball,85,1.8k,45.4m,431.2k,0.44%,199.8k,784.0m,United States,"Influencer nikefootball from United States has 45.4m followers and an influence score of 85. They have posted 1.8k times, average 431.2k likes per post, and maintain an engagement rate of 0.44%%. Their latest posts average around 199.8k likes in total."
126,stephencurry30,84,1.1k,45.4m,1.1m,2.76%,1.2m,1.2b,N/A,"Influencer stephencurry30 from N/A has 45.4m followers and an influence score of 84. They have posted 1.1k times, average 1.1m likes per post, and maintain an engagement rate of 2.76%%. Their latest posts average around 1.2m likes in total."
127,vancityreynolds,86,0.68k,44.8m,1.4m,2.61%,1.2m,925.7m,N/A,"Influencer vancityreynolds from N/A has 44.8m followers and an influence score of 86. They have posted 0.68k times, average 1.4m likes per post, and maintain an engagement rate of 2.61%%. Their latest posts average around 1.2m likes in total."
128,maisa,42,1.5k,44.5m,553.0k,0.67%,294.1k,820.1m,Brazil,"Influencer maisa from Brazil has 44.5m followers and an influence score of 42. They have posted 1.5k times, average 553.0k likes per post, and maintain an engagement rate of 0.67%%. Their latest posts average around 294.1k likes in total."
129,luissuarez9,85,0.97k,44.2m,801.8k,0.96%,414.8k,782.5m,N/A,"Influencer luissuarez9 from N/A has 44.2m followers and an influence score of 85. They have posted 0.97k times, average 801.8k likes per post, and maintain an engagement rate of 0.96%%. Their latest posts average around 414.8k likes in total."
130,gusttavolima,76,4.9k,43.9m,475.1k,0.71%,303.9k,2.3b,Brazil,"Influencer gusttavolima from Brazil has 43.9m followers and an influence score of 76. They have posted 4.9k times, average 475.1k likes per post, and maintain an engagement rate of 0.71%%. Their latest posts average around 303.9k likes in total."
131,jannatzubair29,84,1.6k,43.8m,1.3m,2.18%,944.3k,2.2b,N/A,"Influencer jannatzubair29 from N/A has 43.8m followers and an influence score of 84. They have posted 1.6k times, average 1.3m likes per post, and maintain an engagement rate of 2.18%%. Their latest posts average around 944.3k likes in total."
132,varundvn,84,1.9k,43.8m,1.1m,1.48%,640.5k,2.0b,India,"Influencer varundvn from India has 43.8m followers and an influence score of 84. They have posted 1.9k times, average 1.1m likes per post, and maintain an engagement rate of 1.48%%. Their latest posts average around 640.5k likes in total."
133,hrithikroshan,85,0.58k,43.7m,1.6m,3.82%,1.6m,949.9m,CÃ´te d'Ivoire,"Influencer hrithikroshan from CÃ´te d'Ivoire has 43.7m followers and an influence score of 85. They have posted 0.58k times, average 1.6m likes per post, and maintain an engagement rate of 3.82%%. Their latest posts average around 1.6m likes in total."
134,nickyjampr,81,10.0k,43.4m,381.6k,0.33%,139.3k,3.8b,Colombia,"Influencer nickyjampr from Colombia has 43.4m followers and an influence score of 81. They have posted 10.0k times, average 381.6k likes per post, and maintain an engagement rate of 0.33%%. Their latest posts average around 139.3k likes in total."
135,buzzfeedtasty,85,8.9k,43.2m,65.1k,0.02%,7.7k,580.7m,Spain,"Influencer buzzfeedtasty from Spain has 43.2m followers and an influence score of 85. They have posted 8.9k times, average 65.1k likes per post, and maintain an engagement rate of 0.02%%. Their latest posts average around 7.7k likes in total."
136,brunamarquezine,84,3.0k,43.1m,969.7k,1.05%,444.2k,2.9b,United States,"Influencer brunamarquezine from United States has 43.1m followers and an influence score of 84. They have posted 3.0k times, average 969.7k likes per post, and maintain an engagement rate of 1.05%%. Their latest posts average around 444.2k likes in total."
137,caradelevingne,86,4.4k,42.9m,790.2k,0.43%,181.0k,3.5b,United States,"Influencer caradelevingne from United States has 42.9m followers and an influence score of 86. They have posted 4.4k times, average 790.2k likes per post, and maintain an engagement rate of 0.43%%. Their latest posts average around 181.0k likes in total."
138,kapilsharma,83,0.95k,42.2m,736.4k,1.49%,624.5k,710.7m,N/A,"Influencer kapilsharma from N/A has 42.2m followers and an influence score of 83. They have posted 0.95k times, average 736.4k likes per post, and maintain an engagement rate of 1.49%%. Their latest posts average around 624.5k likes in total."
139,badbunnypr,83,0.01k,42.1m,3.7m,13.09%,5.4m,67.5m,N/A,"Influencer badbunnypr from N/A has 42.1m followers and an influence score of 83. They have posted 0.01k times, average 3.7m likes per post, and maintain an engagement rate of 13.09%%. Their latest posts average around 5.4m likes in total."
140,britneyspears,80,3.0k,42.1m,513.1k,0.55%,221.7k,1.6b,Turkey,"Influencer britneyspears from Turkey has 42.1m followers and an influence score of 80. They have posted 3.0k times, average 513.1k likes per post, and maintain an engagement rate of 0.55%%. Their latest posts average around 221.7k likes in total."
141,j.m,83,0.02k,41.9m,14.2m,26.41%,11.0m,368.1m,N/A,"Influencer j.m from N/A has 41.9m followers and an influence score of 83. They have posted 0.02k times, average 14.2m likes per post, and maintain an engagement rate of 26.41%%. Their latest posts average around 11.0m likes in total."
142,mariliamendoncacantora,73,1.4k,41.8m,1.0m,1.98%,818.6k,1.5b,Brazil,"Influencer mariliamendoncacantora from Brazil has 41.8m followers and an influence score of 73. They have posted 1.4k times, average 1.0m likes per post, and maintain an engagement rate of 1.98%%. Their latest posts average around 818.6k likes in total."
143,norafatehi,83,1.7k,41.6m,1.4m,1.76%,727.5k,2.3b,Anguilla,"Influencer norafatehi from Anguilla has 41.6m followers and an influence score of 83. They have posted 1.7k times, average 1.4m likes per post, and maintain an engagement rate of 1.76%%. Their latest posts average around 727.5k likes in total."
144,theweeknd,83,0.67k,41.5m,1.1m,3.97%,1.6m,767.0m,N/A,"Influencer theweeknd from N/A has 41.5m followers and an influence score of 83. They have posted 0.67k times, average 1.1m likes per post, and maintain an engagement rate of 3.97%%. Their latest posts average around 1.6m likes in total."
145,dior,85,9.7k,41.5m,88.8k,0.16%,63.6k,863.0m,N/A,"Influencer dior from N/A has 41.5m followers and an influence score of 85. They have posted 9.7k times, average 88.8k likes per post, and maintain an engagement rate of 0.16%%. Their latest posts average around 63.6k likes in total."
146,ranveersingh,85,1.8k,40.8m,1.0m,0.76%,299.3k,1.8b,Switzerland,"Influencer ranveersingh from Switzerland has 40.8m followers and an influence score of 85. They have posted 1.8k times, average 1.0m likes per post, and maintain an engagement rate of 0.76%%. Their latest posts average around 299.3k likes in total."
147,marinaruybarbosa,81,2.1k,40.7m,586.4k,0.01%,0,1.2b,Brazil,"Influencer marinaruybarbosa from Brazil has 40.7m followers and an influence score of 81. They have posted 2.1k times, average 586.4k likes per post, and maintain an engagement rate of 0.01%%. Their latest posts average around 0 likes in total."
148,jenniferaniston,85,0.09k,40.7m,4.6m,1.88%,731.0k,452.0m,N/A,"Influencer jenniferaniston from N/A has 40.7m followers and an influence score of 85. They have posted 0.09k times, average 4.6m likes per post, and maintain an engagement rate of 1.88%%. Their latest posts average around 731.0k likes in total."
149,addisonraee,85,0.30k,40.1m,3.1m,2.49%,994.4k,957.9m,N/A,"Influencer addisonraee from N/A has 40.1m followers and an influence score of 85. They have posted 0.30k times, average 3.1m likes per post, and maintain an engagement rate of 2.49%%. Their latest posts average around 994.4k likes in total."
150,andresiniesta8,85,2.0k,40.0m,250.8k,0.41%,161.7k,500.5m,Spain,"Influencer andresiniesta8 from Spain has 40.0m followers and an influence score of 85. They have posted 2.0k times, average 250.8k likes per post, and maintain an engagement rate of 0.41%%. Their latest posts average around 161.7k likes in total."
151,princessyahrini,81,4.5k,40.0m,118.3k,0.22%,87.4k,529.9m,Indonesia,"Influencer princessyahrini from Indonesia has 40.0m followers and an influence score of 81. They have posted 4.5k times, average 118.3k likes per post, and maintain an engagement rate of 0.22%%. Their latest posts average around 87.4k likes in total."
152,liverpoolfc,75,10.0k,39.9m,346.7k,0.42%,162.9k,3.5b,United Kingdom,"Influencer liverpoolfc from United Kingdom has 39.9m followers and an influence score of 75. They have posted 10.0k times, average 346.7k likes per post, and maintain an engagement rate of 0.42%%. Their latest posts average around 162.9k likes in total."
153,teddysphotos,80,2.3k,39.9m,715.5k,0.46%,181.1k,1.7b,United States,"Influencer teddysphotos from United States has 39.9m followers and an influence score of 80. They have posted 2.3k times, average 715.5k likes per post, and maintain an engagement rate of 0.46%%. Their latest posts average around 181.1k likes in total."
154,worldstar,78,11.6k,39.2m,157.4k,0.23%,84.4k,1.8b,United States,"Influencer worldstar from United States has 39.2m followers and an influence score of 78. They have posted 11.6k times, average 157.4k likes per post, and maintain an engagement rate of 0.23%%. Their latest posts average around 84.4k likes in total."
155,natashawilona12,84,1.2k,39.2m,486.5k,0.59%,227.7k,563.9m,N/A,"Influencer natashawilona12 from N/A has 39.2m followers and an influence score of 84. They have posted 1.2k times, average 486.5k likes per post, and maintain an engagement rate of 0.59%%. Their latest posts average around 227.7k likes in total."
156,mahi7781,58,0.10k,39.1m,4.1m,0.17%,0,439.4m,N/A,"Influencer mahi7781 from N/A has 39.1m followers and an influence score of 58. They have posted 0.10k times, average 4.1m likes per post, and maintain an engagement rate of 0.17%%. Their latest posts average around 0 likes in total."
157,georginagio,74,0.73k,39.1m,2.2m,8.56%,3.3m,1.6b,N/A,"Influencer georginagio from N/A has 39.1m followers and an influence score of 74. They have posted 0.73k times, average 2.2m likes per post, and maintain an engagement rate of 8.56%%. Their latest posts average around 3.3m likes in total."
158,cznburak,80,1.8k,39.0m,815.8k,1.01%,383.3k,1.4b,N/A,"Influencer cznburak from N/A has 39.0m followers and an influence score of 80. They have posted 1.8k times, average 815.8k likes per post, and maintain an engagement rate of 1.01%%. Their latest posts average around 383.3k likes in total."
159,chrissyteigen,79,5.1k,38.9m,623.1k,0.43%,162.1k,3.2b,United States,"Influencer chrissyteigen from United States has 38.9m followers and an influence score of 79. They have posted 5.1k times, average 623.1k likes per post, and maintain an engagement rate of 0.43%%. Their latest posts average around 162.1k likes in total."
160,ruben_onsu,75,13.4k,38.8m,139.3k,0.13%,49.1k,1.9b,Indonesia,"Influencer ruben_onsu from Indonesia has 38.8m followers and an influence score of 75. They have posted 13.4k times, average 139.3k likes per post, and maintain an engagement rate of 0.13%%. Their latest posts average around 49.1k likes in total."
161,wizkhalifa,80,0.50k,38.7m,398.7k,0.31%,115.7k,199.8m,United States,"Influencer wizkhalifa from United States has 38.7m followers and an influence score of 80. They have posted 0.50k times, average 398.7k likes per post, and maintain an engagement rate of 0.31%%. Their latest posts average around 115.7k likes in total."
162,hm,83,7.3k,38.5m,88.4k,0.06%,22.4k,644.1m,Sweden,"Influencer hm from Sweden has 38.5m followers and an influence score of 83. They have posted 7.3k times, average 88.4k likes per post, and maintain an engagement rate of 0.06%%. Their latest posts average around 22.4k likes in total."
163,anushkasen0408,85,5.3k,38.3m,695.4k,1.75%,658.3k,3.7b,N/A,"Influencer anushkasen0408 from N/A has 38.3m followers and an influence score of 85. They have posted 5.3k times, average 695.4k likes per post, and maintain an engagement rate of 1.75%%. Their latest posts average around 658.3k likes in total."
164,prattprattpratt,84,0.73k,38.3m,813.5k,1.00%,363.8k,594.7m,N/A,"Influencer prattprattpratt from N/A has 38.3m followers and an influence score of 84. They have posted 0.73k times, average 813.5k likes per post, and maintain an engagement rate of 1.00%%. Their latest posts average around 363.8k likes in total."
165,marvelstudios,83,2.7k,38.1m,594.2k,1.58%,555.9k,1.6b,N/A,"Influencer marvelstudios from N/A has 38.1m followers and an influence score of 83. They have posted 2.7k times, average 594.2k likes per post, and maintain an engagement rate of 1.58%%. Their latest posts average around 555.9k likes in total."
166,wesleysafadao,80,8.9k,37.4m,256.1k,0.02%,0,2.3b,N/A,"Influencer wesleysafadao from N/A has 37.4m followers and an influence score of 80. They have posted 8.9k times, average 256.1k likes per post, and maintain an engagement rate of 0.02%%. Their latest posts average around 0 likes in total."
167,parineetichopra,84,1.3k,37.4m,505.7k,0.68%,246.9k,672.1m,N/A,"Influencer parineetichopra from N/A has 37.4m followers and an influence score of 84. They have posted 1.3k times, average 505.7k likes per post, and maintain an engagement rate of 0.68%%. Their latest posts average around 246.9k likes in total."
168,rkive,83,0.11k,37.0m,10.9m,NaN%,0,1.2b,N/A,"Influencer rkive from N/A has 37.0m followers and an influence score of 83. They have posted 0.11k times, average 10.9m likes per post, and maintain an engagement rate of NaN%%. Their latest posts average around 0 likes in total."
169,laudyacynthiabella,76,0.38k,36.9m,172.8k,0.12%,43.4k,66.7m,Indonesia,"Influencer laudyacynthiabella from Indonesia has 36.9m followers and an influence score of 76. They have posted 0.38k times, average 172.8k likes per post, and maintain an engagement rate of 0.12%%. Their latest posts average around 43.4k likes in total."
170,antogriezmann,83,0.87k,36.5m,1.1m,0.57%,203.6k,955.4m,France,"Influencer antogriezmann from France has 36.5m followers and an influence score of 83. They have posted 0.87k times, average 1.1m likes per post, and maintain an engagement rate of 0.57%%. Their latest posts average around 203.6k likes in total."
171,gisel_la,85,9.9k,36.5m,150.5k,0.10%,33.4k,1.5b,N/A,"Influencer gisel_la from N/A has 36.5m followers and an influence score of 85. They have posted 9.9k times, average 150.5k likes per post, and maintain an engagement rate of 0.10%%. Their latest posts average around 33.4k likes in total."
172,eminem,84,0.66k,36.4m,1.1m,2.69%,962.7k,730.1m,United States,"Influencer eminem from United States has 36.4m followers and an influence score of 84. They have posted 0.66k times, average 1.1m likes per post, and maintain an engagement rate of 2.69%%. Their latest posts average around 962.7k likes in total."
173,mercedesbenz,77,10.0k,36.0m,197.9k,0.18%,64.6k,2.0b,British Virgin Islands,"Influencer mercedesbenz from British Virgin Islands has 36.0m followers and an influence score of 77. They have posted 10.0k times, average 197.9k likes per post, and maintain an engagement rate of 0.18%%. Their latest posts average around 64.6k likes in total."
174,colesprouse,81,1.2k,35.9m,2.2m,2.34%,834.5k,2.6b,N/A,"Influencer colesprouse from N/A has 35.9m followers and an influence score of 81. They have posted 1.2k times, average 2.2m likes per post, and maintain an engagement rate of 2.34%%. Their latest posts average around 834.5k likes in total."
175,nattinatasha,47,0.03k,35.9m,518.1k,0.80%,285.9k,18.7m,Czech Republic,"Influencer nattinatasha from Czech Republic has 35.9m followers and an influence score of 47. They have posted 0.03k times, average 518.1k likes per post, and maintain an engagement rate of 0.80%%. Their latest posts average around 285.9k likes in total."
176,shahidkapoor,82,1.1k,35.6m,1.3m,2.54%,780.0k,1.5b,N/A,"Influencer shahidkapoor from N/A has 35.6m followers and an influence score of 82. They have posted 1.1k times, average 1.3m likes per post, and maintain an engagement rate of 2.54%%. Their latest posts average around 780.0k likes in total."
177,tigerjackieshroff,83,2.1k,35.6m,1.1m,1.20%,422.9k,2.2b,India,"Influencer tigerjackieshroff from India has 35.6m followers and an influence score of 83. They have posted 2.1k times, average 1.1m likes per post, and maintain an engagement rate of 1.20%%. Their latest posts average around 422.9k likes in total."
178,kimberly.loaiza,78,0.59k,35.5m,2.6m,5.23%,1.8m,1.6b,Mexico,"Influencer kimberly.loaiza from Mexico has 35.5m followers and an influence score of 78. They have posted 0.59k times, average 2.6m likes per post, and maintain an engagement rate of 5.23%%. Their latest posts average around 1.8m likes in total."
179,barackobama,81,0.66k,35.4m,1.1m,1.19%,411.5k,739.5m,United States,"Influencer barackobama from United States has 35.4m followers and an influence score of 81. They have posted 0.66k times, average 1.1m likes per post, and maintain an engagement rate of 1.19%%. Their latest posts average around 411.5k likes in total."
180,sachintendulkar,76,1.0k,35.3m,800.4k,2.03%,664.5k,810.0m,N/A,"Influencer sachintendulkar from N/A has 35.3m followers and an influence score of 76. They have posted 1.0k times, average 800.4k likes per post, and maintain an engagement rate of 2.03%%. Their latest posts average around 664.5k likes in total."
181,simonemendes,72,4.4k,35.0m,420.0k,0.65%,222.9k,1.9b,Brazil,"Influencer simonemendes from Brazil has 35.0m followers and an influence score of 72. They have posted 4.4k times, average 420.0k likes per post, and maintain an engagement rate of 0.65%%. Their latest posts average around 222.9k likes in total."
182,ivetesangalo,84,7.6k,34.8m,226.4k,0.36%,121.1k,1.7b,Brazil,"Influencer ivetesangalo from Brazil has 34.8m followers and an influence score of 84. They have posted 7.6k times, average 226.4k likes per post, and maintain an engagement rate of 0.36%%. Their latest posts average around 121.1k likes in total."
183,lunamaya,83,4.1k,34.8m,145.4k,0.17%,58.6k,589.6m,N/A,"Influencer lunamaya from N/A has 34.8m followers and an influence score of 83. They have posted 4.1k times, average 145.4k likes per post, and maintain an engagement rate of 0.17%%. Their latest posts average around 58.6k likes in total."
184,toni.kr8s,83,0.94k,34.7m,597.2k,1.68%,533.5k,561.3m,N/A,"Influencer toni.kr8s from N/A has 34.7m followers and an influence score of 83. They have posted 0.94k times, average 597.2k likes per post, and maintain an engagement rate of 1.68%%. Their latest posts average around 533.5k likes in total."
185,dannapaola,68,1.9k,34.7m,1.5m,3.49%,1.2m,2.8b,Mexico,"Influencer dannapaola from Mexico has 34.7m followers and an influence score of 68. They have posted 1.9k times, average 1.5m likes per post, and maintain an engagement rate of 3.49%%. Their latest posts average around 1.2m likes in total."
186,paollaoliveirareal,84,4.6k,34.7m,367.8k,0.57%,192.3k,1.7b,N/A,"Influencer paollaoliveirareal from N/A has 34.7m followers and an influence score of 84. They have posted 4.6k times, average 367.8k likes per post, and maintain an engagement rate of 0.57%%. Their latest posts average around 192.3k likes in total."
187,blakelively,80,0.11k,34.6m,3.1m,0.02%,0,350.9m,United States,"Influencer blakelively from United States has 34.6m followers and an influence score of 80. They have posted 0.11k times, average 3.1m likes per post, and maintain an engagement rate of 0.02%%. Their latest posts average around 0 likes in total."
188,adidasoriginals,83,0.15k,34.2m,136.2k,0.20%,66.8k,21.2m,N/A,"Influencer adidasoriginals from N/A has 34.2m followers and an influence score of 83. They have posted 0.15k times, average 136.2k likes per post, and maintain an engagement rate of 0.20%%. Their latest posts average around 66.8k likes in total."
189,disney,77,7.3k,34.2m,185.2k,0.44%,132.0k,1.4b,United States,"Influencer disney from United States has 34.2m followers and an influence score of 77. They have posted 7.3k times, average 185.2k likes per post, and maintain an engagement rate of 0.44%%. Their latest posts average around 132.0k likes in total."
190,shaymitchell,83,6.3k,34.1m,732.4k,0.73%,247.5k,4.6b,United States,"Influencer shaymitchell from United States has 34.1m followers and an influence score of 83. They have posted 6.3k times, average 732.4k likes per post, and maintain an engagement rate of 0.73%%. Their latest posts average around 247.5k likes in total."
191,bmw,79,9.3k,33.7m,231.3k,0.23%,76.5k,2.2b,Germany,"Influencer bmw from Germany has 33.7m followers and an influence score of 79. They have posted 9.3k times, average 231.3k likes per post, and maintain an engagement rate of 0.23%%. Their latest posts average around 76.5k likes in total."
192,danbilzerian,84,1.4k,33.6m,2.0m,3.58%,1.2m,2.8b,Canada,"Influencer danbilzerian from Canada has 33.6m followers and an influence score of 84. They have posted 1.4k times, average 2.0m likes per post, and maintain an engagement rate of 3.58%%. Their latest posts average around 1.2m likes in total."
193,khabib_nurmagomedov,63,4.5k,33.5m,685.1k,0.67%,220.7k,3.1b,Russia,"Influencer khabib_nurmagomedov from Russia has 33.5m followers and an influence score of 63. They have posted 4.5k times, average 685.1k likes per post, and maintain an engagement rate of 0.67%%. Their latest posts average around 220.7k likes in total."
194,zidane,41,0.37k,33.5m,1.1m,1.61%,532.7k,391.9m,France,"Influencer zidane from France has 33.5m followers and an influence score of 41. They have posted 0.37k times, average 1.1m likes per post, and maintain an engagement rate of 1.61%%. Their latest posts average around 532.7k likes in total."
195,sonamkapoor,75,4.8k,33.3m,264.7k,0.63%,209.2k,1.3b,India,"Influencer sonamkapoor from India has 33.3m followers and an influence score of 75. They have posted 4.8k times, average 264.7k likes per post, and maintain an engagement rate of 0.63%%. Their latest posts average around 209.2k likes in total."
196,iambeckyg,71,2.3k,33.2m,623.8k,1.40%,464.7k,1.4b,United States,"Influencer iambeckyg from United States has 33.2m followers and an influence score of 71. They have posted 2.3k times, average 623.8k likes per post, and maintain an engagement rate of 1.40%%. Their latest posts average around 464.7k likes in total."
197,nancyajram,81,3.8k,33.2m,390.4k,0.64%,208.0k,1.5b,France,"Influencer nancyajram from France has 33.2m followers and an influence score of 81. They have posted 3.8k times, average 390.4k likes per post, and maintain an engagement rate of 0.64%%. Their latest posts average around 208.0k likes in total."
198,luansantana,79,0.77k,33.2m,193.3k,0.26%,82.6k,149.2m,Brazil,"Influencer luansantana from Brazil has 33.2m followers and an influence score of 79. They have posted 0.77k times, average 193.3k likes per post, and maintain an engagement rate of 0.26%%. Their latest posts average around 82.6k likes in total."
199,nickjonas,78,2.3k,33.0m,719.6k,1.42%,467.7k,1.7b,United States,"Influencer nickjonas from United States has 33.0m followers and an influence score of 78. They have posted 2.3k times, average 719.6k likes per post, and maintain an engagement rate of 1.42%%. Their latest posts average around 467.7k likes in total."
200,raisa6690,80,4.2k,32.8m,232.2k,0.30%,97.4k,969.1m,Indonesia,"Influencer raisa6690 from Indonesia has 32.8m followers and an influence score of 80. They have posted 4.2k times, average 232.2k likes per post, and maintain an engagement rate of 0.30%%. Their latest posts average around 97.4k likes in total."
